cryptocurrency_id,timestamp,twitter_followers,reddit_average_posts_48h,reddit_average_comments_48h,reddit_subscribers,reddit_accounts_active_48h
gmd-protocol,2022-11-06,2880.0,0.0,0.0,,
gmd-protocol,2022-11-07,2915.0,0.0,0.0,,
gmd-protocol,2022-11-08,2970.0,0.0,0.0,,
gmd-protocol,2022-11-11,3078.0,0.0,0.0,,
gmd-protocol,2022-11-12,3096.0,0.0,0.0,,
gmd-protocol,2022-11-13,3175.0,0.0,0.0,,
gmd-protocol,2022-11-14,3408.0,0.0,0.0,,
gmd-protocol,2022-11-15,3501.0,0.0,0.0,,
gmd-protocol,2022-11-18,3751.0,0.0,0.0,,
gmd-protocol,2022-11-19,3775.0,0.0,0.0,,
gmd-protocol,2022-11-20,3844.0,0.0,0.0,,
gmd-protocol,2022-11-21,3888.0,0.0,0.0,,
gmd-protocol,2022-11-22,3925.0,0.0,0.0,,
gmd-protocol,2022-11-25,4132.0,0.0,0.0,,
gmd-protocol,2022-11-26,4164.0,0.0,0.0,,
gmd-protocol,2022-11-27,4209.0,0.0,0.0,,
gmd-protocol,2022-11-28,4489.0,0.0,0.0,,
gmd-protocol,2022-11-29,4548.0,0.0,0.0,,
gmd-protocol,2022-12-02,4699.0,0.0,0.0,,
gmd-protocol,2022-12-03,4761.0,0.0,0.0,,
gmd-protocol,2022-12-04,4824.0,0.0,0.0,,
gmd-protocol,2022-12-05,4909.0,0.0,0.0,,
gmd-protocol,2022-12-06,4995.0,0.0,0.0,,
gmd-protocol,2022-12-09,5141.0,0.0,0.0,,
gmd-protocol,2022-12-10,5168.0,0.0,0.0,,
gmd-protocol,2022-12-11,5208.0,0.0,0.0,,
gmd-protocol,2022-12-12,5277.0,0.0,0.0,,
gmd-protocol,2022-12-13,5316.0,0.0,0.0,,
gmd-protocol,2022-12-16,5443.0,0.0,0.0,,
gmd-protocol,2022-12-17,5464.0,0.0,0.0,,
gmd-protocol,2022-12-18,5533.0,0.0,0.0,,
gmd-protocol,2022-12-19,5577.0,0.0,0.0,,
gmd-protocol,2022-12-20,5623.0,0.0,0.0,,
gmd-protocol,2022-12-23,6664.0,0.0,0.0,,
gmd-protocol,2022-12-24,6604.0,0.0,0.0,,
gmd-protocol,2022-12-25,6461.0,0.0,0.0,,
gmd-protocol,2022-12-26,6505.0,0.0,0.0,,
gmd-protocol,2022-12-27,6519.0,0.0,0.0,,
gmd-protocol,2022-12-30,6575.0,0.0,0.0,,
gmd-protocol,2022-12-31,6592.0,0.0,0.0,,
gmd-protocol,2023-01-01,6659.0,0.0,0.0,,
gmd-protocol,2023-01-02,6694.0,0.0,0.0,,
gmd-protocol,2023-01-03,6727.0,0.0,0.0,,
gmd-protocol,2023-01-06,6783.0,0.0,0.0,,
gmd-protocol,2023-01-07,6794.0,0.0,0.0,,
gmd-protocol,2023-01-08,6828.0,0.0,0.0,,
gmd-protocol,2023-01-09,6860.0,0.0,0.0,,
gmd-protocol,2023-01-10,6895.0,0.0,0.0,,
gmd-protocol,2023-01-13,7112.0,0.0,0.0,,
gmd-protocol,2023-01-14,7115.0,0.0,0.0,,
gmd-protocol,2023-01-15,7184.0,0.0,0.0,,
gmd-protocol,2023-01-16,7182.0,0.0,0.0,,
gmd-protocol,2023-01-17,7230.0,0.0,0.0,,
gmd-protocol,2023-01-20,7367.0,0.0,0.0,,
gmd-protocol,2023-01-21,7362.0,0.0,0.0,,
gmd-protocol,2023-01-22,7393.0,0.0,0.0,,
gmd-protocol,2023-01-23,7417.0,0.0,0.0,,
gmd-protocol,2023-01-24,7440.0,0.0,0.0,,
gmd-protocol,2023-01-27,7555.0,0.0,0.0,,
gmd-protocol,2023-01-28,7579.0,0.0,0.0,,
gmd-protocol,2023-01-29,7697.0,0.0,0.0,,
gmd-protocol,2023-01-30,7818.0,0.0,0.0,,
gmd-protocol,2023-01-31,7866.0,0.0,0.0,,
gmd-protocol,2023-02-03,7998.0,0.0,0.0,,
gmd-protocol,2023-02-04,8055.0,0.0,0.0,,
gmd-protocol,2023-02-05,8318.0,0.0,0.0,,
gmd-protocol,2023-02-06,9217.0,0.0,0.0,,
gmd-protocol,2023-02-07,9663.0,0.0,0.0,,
gmd-protocol,2023-02-10,10444.0,0.0,0.0,,
gmd-protocol,2023-02-11,10509.0,0.0,0.0,,
gmd-protocol,2023-02-12,10737.0,0.0,0.0,,
gmd-protocol,2023-02-13,10786.0,0.0,0.0,,
gmd-protocol,2023-02-14,10813.0,0.0,0.0,,
gmd-protocol,2023-02-17,11005.0,0.0,0.0,,
gmd-protocol,2023-02-18,11048.0,0.0,0.0,,
gmd-protocol,2023-02-19,11277.0,0.0,0.0,,
gmd-protocol,2023-02-20,11423.0,0.0,0.0,,
gmd-protocol,2023-02-21,11550.0,0.0,0.0,,
gmd-protocol,2023-02-24,11767.0,0.0,0.0,,
gmd-protocol,2023-02-25,11806.0,0.0,0.0,,
gmd-protocol,2023-02-26,12063.0,0.0,0.0,,
gmd-protocol,2023-02-27,12361.0,0.0,0.0,,
gmd-protocol,2023-02-28,12376.0,0.0,0.0,,
gmd-protocol,2023-03-03,12567.0,0.0,0.0,,
gmd-protocol,2023-03-04,12576.0,0.0,0.0,,
gmd-protocol,2023-03-05,12627.0,0.0,0.0,,
gmd-protocol,2023-03-06,12666.0,0.0,0.0,,
gmd-protocol,2023-03-07,12700.0,0.0,0.0,,
gmd-protocol,2023-03-10,12757.0,0.0,0.0,,
gmd-protocol,2023-03-11,12764.0,0.0,0.0,,
gmd-protocol,2023-03-12,12792.0,0.0,0.0,,
gmd-protocol,2023-03-13,12810.0,0.0,0.0,,
gmd-protocol,2023-03-14,12833.0,0.0,0.0,,
gmd-protocol,2023-03-17,12959.0,0.0,0.0,,
gmd-protocol,2023-03-18,12989.0,0.0,0.0,,
gmd-protocol,2023-03-19,13052.0,0.0,0.0,,
gmd-protocol,2023-03-20,13070.0,0.0,0.0,,
gmd-protocol,2023-03-21,13085.0,0.0,0.0,,
gmd-protocol,2023-03-24,13119.0,0.0,0.0,,
gmd-protocol,2023-03-25,13118.0,0.0,0.0,,
gmd-protocol,2023-03-26,13157.0,0.0,0.0,,
gmd-protocol,2023-03-27,13166.0,0.0,0.0,,
gmd-protocol,2023-03-28,13189.0,0.0,0.0,,
gmd-protocol,2023-03-31,13229.0,0.0,0.0,,
gmd-protocol,2023-04-01,13250.0,0.0,0.0,,
gmd-protocol,2023-04-02,13275.0,0.0,0.0,,
gmd-protocol,2023-04-03,13294.0,0.0,0.0,,
gmd-protocol,2023-04-04,13308.0,0.0,0.0,,
gmd-protocol,2023-04-07,13333.0,0.0,0.0,,
gmd-protocol,2023-04-08,13347.0,0.0,0.0,,
gmd-protocol,2023-04-09,13358.0,0.0,0.0,,
gmd-protocol,2023-04-10,13355.0,0.0,0.0,,
gmd-protocol,2023-04-11,13357.0,0.0,0.0,,
gmd-protocol,2023-04-14,13371.0,0.0,0.0,,
gmd-protocol,2023-04-15,13372.0,0.0,0.0,,
gmd-protocol,2023-04-16,13369.0,0.0,0.0,,
gmd-protocol,2023-04-17,13373.0,0.0,0.0,,
gmd-protocol,2023-04-18,13381.0,0.0,0.0,,
gmd-protocol,2023-04-21,13416.0,0.0,0.0,,
gmd-protocol,2023-04-22,13428.0,0.0,0.0,,
gmd-protocol,2023-04-23,13452.0,0.0,0.0,,
gmd-protocol,2023-04-24,13494.0,0.0,0.0,,
gmd-protocol,2023-04-25,13551.0,0.0,0.0,,
gmd-protocol,2023-04-28,13606.0,0.0,0.0,,
gmd-protocol,2023-04-29,13609.0,0.0,0.0,,
gmd-protocol,2023-04-30,13645.0,0.0,0.0,,
gmd-protocol,2023-05-01,13658.0,0.0,0.0,,
gmd-protocol,2023-05-02,13663.0,0.0,0.0,,
gmd-protocol,2023-05-05,13706.0,0.0,0.0,,
gmd-protocol,2023-05-06,13702.0,0.0,0.0,,
gmd-protocol,2023-05-07,13728.0,0.0,0.0,,
gmd-protocol,2023-05-08,13733.0,0.0,0.0,,
gmd-protocol,2023-05-09,13747.0,0.0,0.0,,
gmd-protocol,2023-05-12,13804.0,0.0,0.0,,
gmd-protocol,2023-05-13,13810.0,0.0,0.0,,
gmd-protocol,2023-05-14,13832.0,0.0,0.0,,
gmd-protocol,2023-05-15,13855.0,0.0,0.0,,
gmd-protocol,2023-05-16,13856.0,0.0,0.0,,
gmd-protocol,2023-05-22,14004.0,0.0,0.0,,
gmd-protocol,2023-05-23,14165.0,0.0,0.0,,
gmd-protocol,2023-05-26,14485.0,0.0,0.0,,
gmd-protocol,2023-05-27,14495.0,0.0,0.0,,
gmd-protocol,2023-05-28,14527.0,0.0,0.0,,
gmd-protocol,2023-05-29,14574.0,0.0,0.0,,
gmd-protocol,2023-05-30,14634.0,0.0,0.0,,
gmd-protocol,2023-06-02,15884.0,0.0,0.0,,
gmd-protocol,2023-06-03,16244.0,0.0,0.0,,
gmd-protocol,2023-06-04,14974.0,0.0,0.0,,
gmd-protocol,2023-06-05,15751.0,0.0,0.0,,
gmd-protocol,2023-06-06,15534.0,0.0,0.0,,
gmd-protocol,2023-06-09,15400.0,0.0,0.0,,
gmd-protocol,2023-06-10,15407.0,0.0,0.0,,
gmd-protocol,2023-06-11,15328.0,0.0,0.0,,
gmd-protocol,2023-06-12,15344.0,0.0,0.0,,
gmd-protocol,2023-06-13,15321.0,0.0,0.0,,
gmd-protocol,2023-06-16,15351.0,0.0,0.0,,
gmd-protocol,2023-06-17,15353.0,0.0,0.0,,
gmd-protocol,2023-06-18,15383.0,0.0,0.0,,
gmd-protocol,2023-06-19,15399.0,0.0,0.0,,
gmd-protocol,2023-06-20,15445.0,0.0,0.0,,
gmd-protocol,2023-06-23,15458.0,0.0,0.0,,
gmd-protocol,2023-06-24,15465.0,0.0,0.0,,
gmd-protocol,2023-06-25,15491.0,0.0,0.0,,
gmd-protocol,2023-06-26,15504.0,0.0,0.0,,
gmd-protocol,2023-06-27,15517.0,0.0,0.0,,
gmd-protocol,2023-06-30,15518.0,0.0,0.0,,
gmd-protocol,2023-07-01,15526.0,0.0,0.0,,
gmd-protocol,2023-07-02,15522.0,0.0,0.0,,
gmd-protocol,2023-07-03,15544.0,0.0,0.0,,
gmd-protocol,2023-07-04,15541.0,0.0,0.0,,
gmd-protocol,2023-07-07,15564.0,0.0,0.0,,
gmd-protocol,2023-07-08,15573.0,0.0,0.0,,
gmd-protocol,2023-07-09,15564.0,0.0,0.0,,
gmd-protocol,2023-07-10,15566.0,0.0,0.0,,
gmd-protocol,2023-07-11,15556.0,0.0,0.0,,
gmd-protocol,2023-07-14,15552.0,0.0,0.0,,
gmd-protocol,2023-07-15,15544.0,0.0,0.0,,
gmd-protocol,2023-07-16,15549.0,0.0,0.0,,
gmd-protocol,2023-07-17,15541.0,0.0,0.0,,
gmd-protocol,2023-08-01,15459.0,0.0,0.0,,
gmd-protocol,2023-08-02,15457.0,0.0,0.0,,
gmd-protocol,2023-08-03,15451.0,0.0,0.0,,
gmd-protocol,2023-08-04,15446.0,0.0,0.0,,
gmd-protocol,2023-08-05,15462.0,0.0,0.0,,
gmd-protocol,2023-08-06,15459.0,0.0,0.0,,
gmd-protocol,2023-08-07,15466.0,0.0,0.0,,
gmd-protocol,2023-08-08,15466.0,0.0,0.0,,
gmd-protocol,2023-08-11,15874.0,0.0,0.0,,
gmd-protocol,2023-08-12,15917.0,0.0,0.0,,
gmd-protocol,2023-08-13,15914.0,0.0,0.0,,
gmd-protocol,2023-08-14,15917.0,0.0,0.0,,
gmd-protocol,2023-08-15,15937.0,0.0,0.0,,
